{"comparison_data":[{"ath":69045,"circulating_supply":19600337.0,
"market_cap":844748653778,"max_supply":21000000.0,"name":"Bitcoin",
"price_change_24h":0.41499,"price_change_30d":2.36884,"price_change_7d":-7.56861,
"symbol":"btc","total_supply":21000000.0,"volume_24h":21798897867},
{"ath":410.26,"circulating_supply":74100145.7334713,
"market_cap":5135502538,"max_supply":84000000.0,
"name":"Litecoin","price_change_24h":-1.35354,"price_change_30d":-4.83944,
"price_change_7d":4.83494,"symbol":"ltc","total_supply":84000000.0,
"volume_24h":576150651},
{"ath":259.96,"circulating_supply":432695349.1424,"market_cap":41832590027,
"max_supply":null,"name":"Solana","price_change_24h":0.71043,
"price_change_30d":30.64585,"price_change_7d":-3.46362,"symbol":"sol",
"total_supply":567226197.657204,"volume_24h":1772694639}]}
